__ge__;__rxor__;__rand__;__le__;__ne__;__ior__;__gt__;__isub__;__lt__;__ror__;__ixor__;__or__;__and__;__rsub__;__iand__;__eq__;__subclasshook__;__sub__;__xor__
int:NotImplementedType;int:NotImplementedType;int:NotImplementedType;int:NotImplementedType;int:NotImplementedType;int:NotImplementedType;int:NotImplementedType;int:NotImplementedType;int:NotImplementedType;int:NotImplementedType;int:NotImplementedType;int:NotImplementedType;int:NotImplementedType;int:NotImplementedType;int:NotImplementedType;int:NotImplementedType;int:NotImplementedType;int:NotImplementedType;int:NotImplementedType
float:NotImplementedType;float:NotImplementedType;float:NotImplementedType;float:NotImplementedType;float:NotImplementedType;float:NotImplementedType;float:NotImplementedType;float:NotImplementedType;float:NotImplementedType;float:NotImplementedType;float:NotImplementedType;float:NotImplementedType;float:NotImplementedType;float:NotImplementedType;float:NotImplementedType;float:NotImplementedType;float:NotImplementedType;float:NotImplementedType;float:NotImplementedType
str:NotImplementedType;str:NotImplementedType;str:NotImplementedType;str:NotImplementedType;str:NotImplementedType;str:NotImplementedType;str:NotImplementedType;str:NotImplementedType;str:NotImplementedType;str:NotImplementedType;str:NotImplementedType;str:NotImplementedType;str:NotImplementedType;str:NotImplementedType;str:NotImplementedType;str:NotImplementedType;str:NotImplementedType;str:NotImplementedType;str:NotImplementedType
list:NotImplementedType;list:NotImplementedType;list:NotImplementedType;list:NotImplementedType;list:NotImplementedType;list:NotImplementedType;list:NotImplementedType;list:NotImplementedType;list:NotImplementedType;list:NotImplementedType;list:NotImplementedType;list:NotImplementedType;list:NotImplementedType;list:NotImplementedType;list:NotImplementedType;list:NotImplementedType;list:NotImplementedType;list:NotImplementedType;list:NotImplementedType
tuple:NotImplementedType;tuple:NotImplementedType;tuple:NotImplementedType;tuple:NotImplementedType;tuple:NotImplementedType;tuple:NotImplementedType;tuple:NotImplementedType;tuple:NotImplementedType;tuple:NotImplementedType;tuple:NotImplementedType;tuple:NotImplementedType;tuple:NotImplementedType;tuple:NotImplementedType;tuple:NotImplementedType;tuple:NotImplementedType;tuple:NotImplementedType;tuple:NotImplementedType;tuple:NotImplementedType;tuple:NotImplementedType
set:bool;set:set;set:set;set:bool;set:bool;set:set;set:bool;set:set;set:bool;set:set;set:set;set:set;set:set;set:set;set:set;set:bool;set:NotImplementedType;set:set;set:set
dict:NotImplementedType;dict:NotImplementedType;dict:NotImplementedType;dict:NotImplementedType;dict:NotImplementedType;dict:NotImplementedType;dict:NotImplementedType;dict:NotImplementedType;dict:NotImplementedType;dict:NotImplementedType;dict:NotImplementedType;dict:NotImplementedType;dict:NotImplementedType;dict:NotImplementedType;dict:NotImplementedType;dict:NotImplementedType;dict:NotImplementedType;dict:NotImplementedType;dict:NotImplementedType
bool:NotImplementedType;bool:NotImplementedType;bool:NotImplementedType;bool:NotImplementedType;bool:NotImplementedType;bool:NotImplementedType;bool:NotImplementedType;bool:NotImplementedType;bool:NotImplementedType;bool:NotImplementedType;bool:NotImplementedType;bool:NotImplementedType;bool:NotImplementedType;bool:NotImplementedType;bool:NotImplementedType;bool:NotImplementedType;bool:NotImplementedType;bool:NotImplementedType;bool:NotImplementedType
bytes:NotImplementedType;bytes:NotImplementedType;bytes:NotImplementedType;bytes:NotImplementedType;bytes:NotImplementedType;bytes:NotImplementedType;bytes:NotImplementedType;bytes:NotImplementedType;bytes:NotImplementedType;bytes:NotImplementedType;bytes:NotImplementedType;bytes:NotImplementedType;bytes:NotImplementedType;bytes:NotImplementedType;bytes:NotImplementedType;bytes:NotImplementedType;bytes:NotImplementedType;bytes:NotImplementedType;bytes:NotImplementedType
